symbol,start_date,end_date,initial_balance,final_balance,return_pct,num_trades,overbought,oversold,use_sma,sma_window,use_macd,error
MMM,2023-07-03,2024-07-02,10000.0,11436.869636535645,14.368696365356445,47.0,70.0,30.0,False,N/A,True,
AOS,2023-07-03,2024-07-02,10000.0,9265.440299987793,-7.34559700012207,25.0,70.0,30.0,False,N/A,True,
ABT,2023-07-03,2024-07-02,10000.0,8632.499961853027,-13.675000381469726,46.0,70.0,30.0,False,N/A,True,
ABBV,2023-07-03,2024-07-02,10000.0,9965.319915771484,-0.3468008422851563,22.0,70.0,30.0,False,N/A,True,
ACN,2023-07-03,2024-07-02,10000.0,10152.469940185547,1.5246994018554687,40.0,70.0,30.0,False,N/A,True,
ADBE,2023-07-03,2024-07-02,10000.0,12269.901611328125,22.69901611328125,41.0,70.0,30.0,False,N/A,True,
AMD,2023-07-03,2024-07-02,10000.0,12445.471221923828,24.45471221923828,24.0,70.0,30.0,False,N/A,True,
AES,2023-07-03,2024-07-02,10000.0,8196.660593032837,-18.033394069671633,52.0,70.0,30.0,False,N/A,True,
AFL,2023-07-03,2024-07-02,10000.0,11611.560905456543,16.11560905456543,12.0,70.0,30.0,False,N/A,True,
A,2023-07-03,2024-07-02,10000.0,10923.850852966309,9.238508529663086,34.0,70.0,30.0,False,N/A,True,
APD,2023-07-03,2024-07-02,10000.0,9984.129211425781,-0.1587078857421875,32.0,70.0,30.0,False,N/A,True,
ABNB,2023-07-03,2024-07-02,10000.0,12496.920333862305,24.969203338623046,35.0,70.0,30.0,False,N/A,True,
AKAM,2023-07-03,2024-07-02,10000.0,9384.439514160156,-6.155604858398438,36.0,70.0,30.0,False,N/A,True,
ALB,2023-07-03,2024-07-02,10000.0,7860.420196533203,-21.39579803466797,77.0,70.0,30.0,False,N/A,True,
ARE,2023-07-03,2024-07-02,10000.0,10743.24870300293,7.432487030029297,31.0,70.0,30.0,False,N/A,True,
ALGN,2023-07-03,2024-07-02,10000.0,5022.100357055664,-49.77899642944336,57.0,70.0,30.0,False,N/A,True,
ALLE,2023-07-03,2024-07-02,10000.0,9607.318939208984,-3.926810607910156,42.0,70.0,30.0,False,N/A,True,
LNT,2023-07-03,2024-07-02,10000.0,9865.360176086426,-1.346398239135742,27.0,70.0,30.0,False,N/A,True,
ALL,2023-07-03,2024-07-02,10000.0,10000.0,0.0,0.0,70.0,30.0,False,N/A,True,
GOOGL,2023-07-03,2024-07-02,10000.0,11706.550704956055,17.065507049560548,10.0,70.0,30.0,False,N/A,True,
GOOG,2023-07-03,2024-07-02,10000.0,11740.53003692627,17.405300369262694,10.0,70.0,30.0,False,N/A,True,
MO,2023-07-03,2024-07-02,10000.0,10926.949298858643,9.269492988586425,40.0,70.0,30.0,False,N/A,True,
AMZN,2023-07-03,2024-07-02,10000.0,11290.900100708008,12.909001007080079,13.0,70.0,30.0,False,N/A,True,
AMCR,2023-07-03,2024-07-02,10000.0,10173.06084728241,1.7306084728240967,14.0,70.0,30.0,False,N/A,True,
AEE,2023-07-03,2024-07-02,10000.0,9747.359336853027,-2.5264066314697264,34.0,70.0,30.0,False,N/A,True,
AAL,2023-07-03,2024-07-02,10000.0,5840.3496017456055,-41.59650398254395,75.0,70.0,30.0,False,N/A,True,
AEP,2023-07-03,2024-07-02,10000.0,11263.909828186035,12.63909828186035,32.0,70.0,30.0,False,N/A,True,
AXP,2023-07-03,2024-07-02,10000.0,11747.011581420898,17.470115814208985,26.0,70.0,30.0,False,N/A,True,
AIG,2023-07-03,2024-07-02,10000.0,11068.981098175049,10.689810981750488,16.0,70.0,30.0,False,N/A,True,
AMT,2023-07-03,2024-07-02,10000.0,10061.070114135742,0.6107011413574219,57.0,70.0,30.0,False,N/A,True,
AWK,2023-07-03,2024-07-02,10000.0,9349.359977722168,-6.50640022277832,30.0,70.0,30.0,False,N/A,True,
AMP,2023-07-03,2024-07-02,10000.0,11507.449829101562,15.074498291015626,17.0,70.0,30.0,False,N/A,True,
AME,2023-07-03,2024-07-02,10000.0,9887.920272827148,-1.1207972717285157,23.0,70.0,30.0,False,N/A,True,
AMGN,2023-07-03,2024-07-02,10000.0,13234.24057006836,32.3424057006836,23.0,70.0,30.0,False,N/A,True,
APH,2023-07-03,2024-07-02,10000.0,10387.719131469727,3.8771913146972654,13.0,70.0,30.0,False,N/A,True,
ADI,2023-07-03,2024-07-02,10000.0,11246.039688110352,12.460396881103515,17.0,70.0,30.0,False,N/A,True,
ANSS,2023-07-03,2024-07-02,10000.0,13827.360076904297,38.27360076904297,46.0,70.0,30.0,False,N/A,True,
AON,2023-07-03,2024-07-02,10000.0,11226.520599365234,12.265205993652344,43.0,70.0,30.0,False,N/A,True,
APA,2023-07-03,2024-07-02,10000.0,8468.139430999756,-15.31860569000244,42.0,70.0,30.0,False,N/A,True,
AAPL,2023-07-03,2024-07-02,10000.0,11336.550827026367,13.365508270263671,47.0,70.0,30.0,False,N/A,True,
AMAT,2023-07-03,2024-07-02,10000.0,13720.958572387695,37.209585723876955,16.0,70.0,30.0,False,N/A,True,
APTV,2023-07-03,2024-07-02,10000.0,8735.920135498047,-12.640798645019533,47.0,70.0,30.0,False,N/A,True,
ACGL,2023-07-03,2024-07-02,10000.0,10364.16098022461,3.641609802246094,16.0,70.0,30.0,False,N/A,True,
ADM,2023-07-03,2024-07-02,10000.0,7854.620071411133,-21.45379928588867,41.0,70.0,30.0,False,N/A,True,
ANET,2023-07-03,2024-07-02,10000.0,18514.319900512695,85.14319900512696,18.0,70.0,30.0,False,N/A,True,
AJG,2023-07-03,2024-07-02,10000.0,10730.520294189453,7.305202941894532,22.0,70.0,30.0,False,N/A,True,
AIZ,2023-07-03,2024-07-02,10000.0,10388.83950805664,3.8883950805664065,10.0,70.0,30.0,False,N/A,True,
T,2023-07-03,2024-07-02,10000.0,10166.600408554077,1.6660040855407714,11.0,70.0,30.0,False,N/A,True,
ATO,2023-07-03,2024-07-02,10000.0,10318.719917297363,3.187199172973633,24.0,70.0,30.0,False,N/A,True,
ADSK,2023-07-03,2024-07-02,10000.0,12461.089828491211,24.610898284912107,31.0,70.0,30.0,False,N/A,True,
ADP,2023-07-03,2024-07-02,10000.0,10878.620498657227,8.786204986572265,32.0,70.0,30.0,False,N/A,True,
AZO,2023-07-03,2024-07-02,10000.0,10520.56005859375,5.2056005859375,27.0,70.0,30.0,False,N/A,True,
AVB,2023-07-03,2024-07-02,10000.0,9866.359664916992,-1.336403350830078,18.0,70.0,30.0,False,N/A,True,
AVY,2023-07-03,2024-07-02,10000.0,12438.080535888672,24.380805358886718,19.0,70.0,30.0,False,N/A,True,
AXON,2023-07-03,2024-07-02,10000.0,12992.649780273438,29.926497802734374,23.0,70.0,30.0,False,N/A,True,
BKR,2023-07-03,2024-07-02,10000.0,10208.461084365845,2.084610843658447,19.0,70.0,30.0,False,N/A,True,
BALL,2023-07-03,2024-07-02,10000.0,10030.090072631836,0.30090072631835935,26.0,70.0,30.0,False,N/A,True,
BAC,2023-07-03,2024-07-02,10000.0,11937.99944114685,19.379994411468505,25.0,70.0,30.0,False,N/A,True,
BK,2023-07-03,2024-07-02,10000.0,10729.300647735596,7.293006477355957,13.0,70.0,30.0,False,N/A,True,
BBWI,2023-07-03,2024-07-02,10000.0,10705.099712371826,7.050997123718261,26.0,70.0,30.0,False,N/A,True,
BAX,2023-07-03,2024-07-02,10000.0,6595.949863433838,-34.04050136566162,78.0,70.0,30.0,False,N/A,True,
BDX,2023-07-03,2024-07-02,10000.0,9078.209686279297,-9.217903137207031,27.0,70.0,30.0,False,N/A,True,
BRK.B,,,,,,,,,,,,index -1 is out of bounds for axis 0 with size 0
BBY,2023-07-03,2024-07-02,10000.0,11963.219802856445,19.632198028564453,33.0,70.0,30.0,False,N/A,True,
BIO,2023-07-03,2024-07-02,10000.0,6693.749237060547,-33.06250762939453,45.0,70.0,30.0,False,N/A,True,
TECH,2023-07-03,2024-07-02,10000.0,7582.489700317383,-24.175102996826173,54.0,70.0,30.0,False,N/A,True,
BIIB,2023-07-03,2024-07-02,10000.0,8429.329635620117,-15.706703643798829,56.0,70.0,30.0,False,N/A,True,
BLK,2023-07-03,2024-07-02,10000.0,10636.000122070312,6.360001220703125,46.0,70.0,30.0,False,N/A,True,
BX,2023-07-03,2024-07-02,10000.0,10966.070358276367,9.660703582763672,32.0,70.0,30.0,False,N/A,True,
BA,2023-07-03,2024-07-02,10000.0,7138.340301513672,-28.61659698486328,55.0,70.0,30.0,False,N/A,True,
BKNG,2023-07-03,2024-07-02,10000.0,10758.89013671875,7.588901367187501,15.0,70.0,30.0,False,N/A,True,
BWA,2023-07-03,2024-07-02,10000.0,8757.449348449707,-12.42550651550293,50.0,70.0,30.0,False,N/A,True,
BXP,2023-07-03,2024-07-02,10000.0,9472.35039138794,-5.276496086120606,19.0,70.0,30.0,False,N/A,True,
BSX,2023-07-03,2024-07-02,10000.0,10748.719940185547,7.487199401855468,3.0,70.0,30.0,False,N/A,True,
BMY,2023-07-03,2024-07-02,10000.0,7888.340118408203,-21.11659881591797,72.0,70.0,30.0,False,N/A,True,
AVGO,2023-07-03,2024-07-02,10000.0,12944.769287109375,29.44769287109375,4.0,70.0,30.0,False,N/A,True,
BR,2023-07-03,2024-07-02,10000.0,9604.100494384766,-3.958995056152344,23.0,70.0,30.0,False,N/A,True,
BRO,2023-07-03,2024-07-02,10000.0,11298.699752807617,12.986997528076172,14.0,70.0,30.0,False,N/A,True,
BF.B,,,,,,,,,,,,index -1 is out of bounds for axis 0 with size 0
BLDR,2023-07-03,2024-07-02,10000.0,6671.840087890625,-33.281599121093755,25.0,70.0,30.0,False,N/A,True,
BG,2023-07-03,2024-07-02,10000.0,9734.400329589844,-2.6559967041015624,31.0,70.0,30.0,False,N/A,True,
CDNS,2023-07-03,2024-07-02,10000.0,14356.92025756836,43.56920257568359,29.0,70.0,30.0,False,N/A,True,
CZR,2023-07-03,2024-07-02,10000.0,8205.919548034668,-17.94080451965332,31.0,70.0,30.0,False,N/A,True,
CPT,2023-07-03,2024-07-02,10000.0,9152.51010131836,-8.474898986816406,24.0,70.0,30.0,False,N/A,True,
CPB,2023-07-03,2024-07-02,10000.0,9917.159412384033,-0.828405876159668,34.0,70.0,30.0,False,N/A,True,
COF,2023-07-03,2024-07-02,10000.0,9711.679489135742,-2.883205108642578,25.0,70.0,30.0,False,N/A,True,
CAH,2023-07-03,2024-07-02,10000.0,10948.369270324707,9.48369270324707,24.0,70.0,30.0,False,N/A,True,
KMX,2023-07-03,2024-07-02,10000.0,10058.160163879395,0.5816016387939453,47.0,70.0,30.0,False,N/A,True,
CCL,2023-07-03,2024-07-02,10000.0,9375.37902545929,-6.246209745407104,42.0,70.0,30.0,False,N/A,True,
CARR,2023-07-03,2024-07-02,10000.0,13015.439743041992,30.15439743041992,20.0,70.0,30.0,False,N/A,True,
CTLT,2023-07-03,2024-07-02,10000.0,9902.998802185059,-0.9700119781494141,40.0,70.0,30.0,False,N/A,True,
CAT,2023-07-03,2024-07-02,10000.0,11015.299072265625,10.152990722656249,31.0,70.0,30.0,False,N/A,True,
CBOE,2023-07-03,2024-07-02,10000.0,9644.699493408203,-3.553005065917969,9.0,70.0,30.0,False,N/A,True,
CBRE,2023-07-03,2024-07-02,10000.0,10627.698936462402,6.276989364624024,48.0,70.0,30.0,False,N/A,True,
CDW,2023-07-03,2024-07-02,10000.0,11064.420425415039,10.644204254150392,24.0,70.0,30.0,False,N/A,True,
CE,2023-07-03,2024-07-02,10000.0,11033.919723510742,10.339197235107422,40.0,70.0,30.0,False,N/A,True,
COR,2023-07-03,2024-07-02,10000.0,10325.039978027344,3.2503997802734372,26.0,70.0,30.0,False,N/A,True,
CNC,2023-07-03,2024-07-02,10000.0,10900.641075134277,9.006410751342774,30.0,70.0,30.0,False,N/A,True,
CNP,2023-07-03,2024-07-02,10000.0,10001.629577636719,0.0162957763671875,29.0,70.0,30.0,False,N/A,True,
CF,2023-07-03,2024-07-02,10000.0,10359.590087890625,3.5959008789062494,16.0,70.0,30.0,False,N/A,True,
CHRW,2023-07-03,2024-07-02,10000.0,10029.940216064453,0.29940216064453123,35.0,70.0,30.0,False,N/A,True,
CRL,2023-07-03,2024-07-02,10000.0,9646.300094604492,-3.5369990539550784,39.0,70.0,30.0,False,N/A,True,
SCHW,2023-07-03,2024-07-02,10000.0,9351.949787139893,-6.480502128601075,36.0,70.0,30.0,False,N/A,True,
CHTR,2023-07-03,2024-07-02,10000.0,9473.370300292969,-5.266296997070312,41.0,70.0,30.0,False,N/A,True,
CVX,2023-07-03,2024-07-02,10000.0,10777.78076171875,7.7778076171875,16.0,70.0,30.0,False,N/A,True,
CMG,2023-07-03,2024-07-02,10000.0,11843.404022216797,18.43404022216797,21.0,70.0,30.0,False,N/A,True,
CB,2023-07-03,2024-07-02,10000.0,10481.869720458984,4.818697204589844,11.0,70.0,30.0,False,N/A,True,
CHD,2023-07-03,2024-07-02,10000.0,9869.20044708252,-1.3079955291748047,18.0,70.0,30.0,False,N/A,True,
CI,2023-07-03,2024-07-02,10000.0,11484.109130859375,14.841091308593752,28.0,70.0,30.0,False,N/A,True,
CINF,2023-07-03,2024-07-02,10000.0,11168.44019317627,11.684401931762697,21.0,70.0,30.0,False,N/A,True,
CTAS,2023-07-03,2024-07-02,10000.0,11063.729675292969,10.637296752929688,10.0,70.0,30.0,False,N/A,True,
CSCO,2023-07-03,2024-07-02,10000.0,9806.450763702393,-1.9354923629760743,32.0,70.0,30.0,False,N/A,True,
C,2023-07-03,2024-07-02,10000.0,11616.64037322998,16.166403732299806,35.0,70.0,30.0,False,N/A,True,
CFG,2023-07-03,2024-07-02,10000.0,10965.519441604614,9.655194416046143,24.0,70.0,30.0,False,N/A,True,
CLX,2023-07-03,2024-07-02,10000.0,8457.540283203125,-15.42459716796875,44.0,70.0,30.0,False,N/A,True,
CME,2023-07-03,2024-07-02,10000.0,10919.559921264648,9.195599212646483,21.0,70.0,30.0,False,N/A,True,
CMS,2023-07-03,2024-07-02,10000.0,10487.109828948975,4.871098289489746,25.0,70.0,30.0,False,N/A,True,
KO,2023-07-03,2024-07-02,10000.0,9840.700115203857,-1.5929988479614257,38.0,70.0,30.0,False,N/A,True,
CTSH,2023-07-03,2024-07-02,10000.0,8988.210273742676,-10.117897262573242,49.0,70.0,30.0,False,N/A,True,
CL,2023-07-03,2024-07-02,10000.0,10891.920265197754,8.919202651977539,24.0,70.0,30.0,False,N/A,True,
CMCSA,2023-07-03,2024-07-02,10000.0,10172.748847961426,1.727488479614258,26.0,70.0,30.0,False,N/A,True,
CAG,2023-07-03,2024-07-02,10000.0,9780.710245132446,-2.1928975486755373,36.0,70.0,30.0,False,N/A,True,
COP,2023-07-03,2024-07-02,10000.0,10727.610488891602,7.276104888916016,35.0,70.0,30.0,False,N/A,True,
ED,2023-07-03,2024-07-02,10000.0,10478.579086303711,4.785790863037109,22.0,70.0,30.0,False,N/A,True,
STZ,2023-07-03,2024-07-02,10000.0,9658.000579833984,-3.4199942016601566,22.0,70.0,30.0,False,N/A,True,
CEG,2023-07-03,2024-07-02,10000.0,11503.040832519531,15.030408325195314,7.0,70.0,30.0,False,N/A,True,
COO,2023-07-03,2024-07-02,10000.0,9157.39054107666,-8.426094589233399,51.0,70.0,30.0,False,N/A,True,
CPRT,2023-07-03,2024-07-02,10000.0,10223.880451202393,2.238804512023926,16.0,70.0,30.0,False,N/A,True,
GLW,2023-07-03,2024-07-02,10000.0,9327.750539779663,-6.722494602203369,36.0,70.0,30.0,False,N/A,True,
CPAY,2023-07-03,2024-07-02,10000.0,10196.281433105469,1.9628143310546873,41.0,70.0,30.0,False,N/A,True,
CTVA,2023-07-03,2024-07-02,10000.0,11669.070617675781,16.690706176757814,32.0,70.0,30.0,False,N/A,True,
CSGP,2023-07-03,2024-07-02,10000.0,11611.199592590332,16.11199592590332,54.0,70.0,30.0,False,N/A,True,
COST,2023-07-03,2024-07-02,10000.0,11134.900268554688,11.349002685546875,7.0,70.0,30.0,False,N/A,True,
CTRA,2023-07-03,2024-07-02,10000.0,10369.280620574951,3.6928062057495117,21.0,70.0,30.0,False,N/A,True,
CRWD,2023-07-03,2024-07-02,10000.0,10920.380249023438,9.203802490234375,6.0,70.0,30.0,False,N/A,True,
CCI,2023-07-03,2024-07-02,10000.0,8696.87043762207,-13.031295623779297,60.0,70.0,30.0,False,N/A,True,
CSX,2023-07-03,2024-07-02,10000.0,8834.7598361969,-11.652401638031005,33.0,70.0,30.0,False,N/A,True,
CMI,2023-07-03,2024-07-02,10000.0,9704.839965820312,-2.951600341796875,28.0,70.0,30.0,False,N/A,True,
CVS,2023-07-03,2024-07-02,10000.0,10563.6693649292,5.636693649291992,56.0,70.0,30.0,False,N/A,True,
DHR,2023-07-03,2024-07-02,10000.0,9900.751754760742,-0.9924824523925782,17.0,70.0,30.0,False,N/A,True,
DRI,2023-07-03,2024-07-02,10000.0,7919.569808959961,-20.80430191040039,47.0,70.0,30.0,False,N/A,True,
DVA,2023-07-03,2024-07-02,10000.0,10009.299789428711,0.09299789428710938,21.0,70.0,30.0,False,N/A,True,
DAY,2023-07-03,2024-07-02,10000.0,11673.640144348145,16.736401443481444,37.0,70.0,30.0,False,N/A,True,
DECK,2023-07-03,2024-07-02,10000.0,13836.380615234375,38.36380615234375,23.0,70.0,30.0,False,N/A,True,
DE,2023-07-03,2024-07-02,10000.0,9422.019805908203,-5.779801940917969,40.0,70.0,30.0,False,N/A,True,
DAL,2023-07-03,2024-07-02,10000.0,7813.459434509277,-21.865405654907228,37.0,70.0,30.0,False,N/A,True,
DVN,2023-07-03,2024-07-02,10000.0,11138.619045257568,11.386190452575685,40.0,70.0,30.0,False,N/A,True,
DXCM,2023-07-03,2024-07-02,10000.0,8098.500030517578,-19.01499969482422,39.0,70.0,30.0,False,N/A,True,
FANG,2023-07-03,2024-07-02,10000.0,11674.080978393555,16.740809783935546,16.0,70.0,30.0,False,N/A,True,
DLR,2023-07-03,2024-07-02,10000.0,11048.09058380127,10.480905838012696,16.0,70.0,30.0,False,N/A,True,
DFS,2023-07-03,2024-07-02,10000.0,12610.020011901855,26.100200119018556,37.0,70.0,30.0,False,N/A,True,
DG,2023-07-03,2024-07-02,10000.0,6710.359428405762,-32.896405715942386,47.0,70.0,30.0,False,N/A,True,
DLTR,2023-07-03,2024-07-02,10000.0,7232.0400314331055,-27.679599685668943,71.0,70.0,30.0,False,N/A,True,
D,2023-07-03,2024-07-02,10000.0,9548.71907043457,-4.512809295654297,41.0,70.0,30.0,False,N/A,True,
DPZ,2023-07-03,2024-07-02,10000.0,10029.389617919922,0.29389617919921873,13.0,70.0,30.0,False,N/A,True,
DOV,2023-07-03,2024-07-02,10000.0,10929.959732055664,9.299597320556641,33.0,70.0,30.0,False,N/A,True,
DOW,2023-07-03,2024-07-02,10000.0,10965.330322265625,9.65330322265625,23.0,70.0,30.0,False,N/A,True,
DHI,2023-07-03,2024-07-02,10000.0,9658.43977355957,-3.4156022644042965,18.0,70.0,30.0,False,N/A,True,
DTE,2023-07-03,2024-07-02,10000.0,11043.349838256836,10.43349838256836,38.0,70.0,30.0,False,N/A,True,
DUK,2023-07-03,2024-07-02,10000.0,11120.408836364746,11.204088363647461,17.0,70.0,30.0,False,N/A,True,
DD,2023-07-03,2024-07-02,10000.0,10254.04133605957,2.540413360595703,28.0,70.0,30.0,False,N/A,True,
EMN,2023-07-03,2024-07-02,10000.0,9877.169044494629,-1.2283095550537109,26.0,70.0,30.0,False,N/A,True,
ETN,2023-07-03,2024-07-02,10000.0,10430.52017211914,4.305201721191406,8.0,70.0,30.0,False,N/A,True,
EBAY,2023-07-03,2024-07-02,10000.0,11457.200527191162,14.57200527191162,21.0,70.0,30.0,False,N/A,True,
ECL,2023-07-03,2024-07-02,10000.0,11047.809600830078,10.478096008300781,24.0,70.0,30.0,False,N/A,True,
EIX,2023-07-03,2024-07-02,10000.0,9818.029426574707,-1.8197057342529295,25.0,70.0,30.0,False,N/A,True,
EW,2023-07-03,2024-07-02,10000.0,9708.590980529785,-2.9140901947021485,49.0,70.0,30.0,False,N/A,True,
EA,2023-07-03,2024-07-02,10000.0,11110.710342407227,11.107103424072266,41.0,70.0,30.0,False,N/A,True,
ELV,2023-07-03,2024-07-02,10000.0,10176.130004882812,1.761300048828125,4.0,70.0,30.0,False,N/A,True,
LLY,2023-07-03,2024-07-02,10000.0,14008.699768066406,40.08699768066406,13.0,70.0,30.0,False,N/A,True,
EMR,2023-07-03,2024-07-02,10000.0,10402.360214233398,4.023602142333985,28.0,70.0,30.0,False,N/A,True,
ENPH,2023-07-03,2024-07-02,10000.0,7620.289855957031,-23.79710144042969,44.0,70.0,30.0,False,N/A,True,
ETR,2023-07-03,2024-07-02,10000.0,10299.159400939941,2.9915940093994142,24.0,70.0,30.0,False,N/A,True,
EOG,2023-07-03,2024-07-02,10000.0,11456.759216308594,14.567592163085937,30.0,70.0,30.0,False,N/A,True,
EPAM,2023-07-03,2024-07-02,10000.0,7318.23991394043,-26.817600860595704,53.0,70.0,30.0,False,N/A,True,
EQT,2023-07-03,2024-07-02,10000.0,10335.628608703613,3.3562860870361333,42.0,70.0,30.0,False,N/A,True,
EFX,2023-07-03,2024-07-02,10000.0,11504.480163574219,15.04480163574219,51.0,70.0,30.0,False,N/A,True,
EQIX,2023-07-03,2024-07-02,10000.0,9645.190124511719,-3.5480987548828127,45.0,70.0,30.0,False,N/A,True,
EQR,2023-07-03,2024-07-02,10000.0,9198.700370788574,-8.012996292114257,24.0,70.0,30.0,False,N/A,True,
ESS,2023-07-03,2024-07-02,10000.0,9802.519470214844,-1.9748052978515624,25.0,70.0,30.0,False,N/A,True,
EL,2023-07-03,2024-07-02,10000.0,7084.5699462890625,-29.154300537109375,60.0,70.0,30.0,False,N/A,True,
ETSY,2023-07-03,2024-07-02,10000.0,7287.450233459473,-27.125497665405273,42.0,70.0,30.0,False,N/A,True,
EG,2023-07-03,2024-07-02,10000.0,11112.709899902344,11.127098999023438,18.0,70.0,30.0,False,N/A,True,
EVRG,2023-07-03,2024-07-02,10000.0,9638.87045288086,-3.6112954711914065,33.0,70.0,30.0,False,N/A,True,
ES,2023-07-03,2024-07-02,10000.0,9579.470390319824,-4.205296096801757,44.0,70.0,30.0,False,N/A,True,
EXC,2023-07-03,2024-07-02,10000.0,10597.590801239014,5.9759080123901365,33.0,70.0,30.0,False,N/A,True,
EXPE,2023-07-03,2024-07-02,10000.0,10179.799606323242,1.7979960632324221,24.0,70.0,30.0,False,N/A,True,
EXPD,2023-07-03,2024-07-02,10000.0,10889.55990600586,8.895599060058593,24.0,70.0,30.0,False,N/A,True,
EXR,2023-07-03,2024-07-02,10000.0,10867.539855957031,8.675398559570313,45.0,70.0,30.0,False,N/A,True,
XOM,2023-07-03,2024-07-02,10000.0,9217.000274658203,-7.829997253417968,9.0,70.0,30.0,False,N/A,True,
FFIV,2023-07-03,2024-07-02,10000.0,10707.569412231445,7.075694122314453,21.0,70.0,30.0,False,N/A,True,
FDS,2023-07-03,2024-07-02,10000.0,12171.080474853516,21.710804748535157,31.0,70.0,30.0,False,N/A,True,
FICO,2023-07-03,2024-07-02,10000.0,12204.21044921875,22.0421044921875,14.0,70.0,30.0,False,N/A,True,
FAST,2023-07-03,2024-07-02,10000.0,10864.961071014404,8.649610710144042,29.0,70.0,30.0,False,N/A,True,
FRT,2023-07-03,2024-07-02,10000.0,10508.300033569336,5.0830003356933595,15.0,70.0,30.0,False,N/A,True,
FDX,2023-07-03,2024-07-02,10000.0,11105.770401000977,11.057704010009765,30.0,70.0,30.0,False,N/A,True,
FIS,2023-07-03,2024-07-02,10000.0,10663.368743896484,6.633687438964844,24.0,70.0,30.0,False,N/A,True,
FITB,2023-07-03,2024-07-02,10000.0,13331.840118408203,33.31840118408203,22.0,70.0,30.0,False,N/A,True,
FSLR,2023-07-03,2024-07-02,10000.0,12037.410079956055,20.374100799560544,31.0,70.0,30.0,False,N/A,True,
FE,2023-07-03,2024-07-02,10000.0,9836.211219787598,-1.6378878021240235,25.0,70.0,30.0,False,N/A,True,
FI,2023-07-03,2024-07-02,10000.0,10079.21044921875,0.7921044921875,24.0,70.0,30.0,False,N/A,True,
FMC,2023-07-03,2024-07-02,10000.0,6550.599952697754,-34.49400047302246,66.0,70.0,30.0,False,N/A,True,
F,2023-07-03,2024-07-02,10000.0,10022.839311599731,0.22839311599731443,53.0,70.0,30.0,False,N/A,True,
FTNT,2023-07-03,2024-07-02,10000.0,8844.580242156982,-11.554197578430175,39.0,70.0,30.0,False,N/A,True,
FTV,2023-07-03,2024-07-02,10000.0,8479.541053771973,-15.204589462280275,44.0,70.0,30.0,False,N/A,True,
FOXA,2023-07-03,2024-07-02,10000.0,10291.989936828613,2.919899368286133,7.0,70.0,30.0,False,N/A,True,
FOX,2023-07-03,2024-07-02,10000.0,10473.159866333008,4.731598663330079,14.0,70.0,30.0,False,N/A,True,
BEN,2023-07-03,2024-07-02,10000.0,8691.489976882935,-13.085100231170655,43.0,70.0,30.0,False,N/A,True,
FCX,2023-07-03,2024-07-02,10000.0,10956.599742889404,9.565997428894043,32.0,70.0,30.0,False,N/A,True,
GRMN,2023-07-03,2024-07-02,10000.0,15554.230613708496,55.542306137084964,22.0,70.0,30.0,False,N/A,True,
IT,2023-07-03,2024-07-02,10000.0,13431.89990234375,34.3189990234375,27.0,70.0,30.0,False,N/A,True,
GE,2023-07-03,2024-07-02,10000.0,10743.431686401367,7.434316864013672,4.0,70.0,30.0,False,N/A,True,
GEHC,2023-07-03,2024-07-02,10000.0,9365.810272216797,-6.3418972778320315,40.0,70.0,30.0,False,N/A,True,
GEV,2023-07-03,2024-07-02,10000.0,10000.0,0.0,0.0,70.0,30.0,False,N/A,True,
GEN,2023-07-03,2024-07-02,10000.0,12181.330299377441,21.813302993774414,37.0,70.0,30.0,False,N/A,True,
GNRC,2023-07-03,2024-07-02,10000.0,12104.000289916992,21.04000289916992,47.0,70.0,30.0,False,N/A,True,
GD,2023-07-03,2024-07-02,10000.0,11934.319274902344,19.343192749023437,6.0,70.0,30.0,False,N/A,True,
GIS,2023-07-03,2024-07-02,10000.0,9052.21947479248,-9.477805252075196,36.0,70.0,30.0,False,N/A,True,
GM,2023-07-03,2024-07-02,10000.0,11076.37085533142,10.76370855331421,28.0,70.0,30.0,False,N/A,True,
GPC,2023-07-03,2024-07-02,10000.0,8299.240219116211,-17.00759780883789,42.0,70.0,30.0,False,N/A,True,
GILD,2023-07-03,2024-07-02,10000.0,10760.760482788086,7.607604827880859,54.0,70.0,30.0,False,N/A,True,
GPN,2023-07-03,2024-07-02,10000.0,7483.599655151367,-25.164003448486326,60.0,70.0,30.0,False,N/A,True,
GL,2023-07-03,2024-07-02,10000.0,7536.669975280762,-24.633300247192384,37.0,70.0,30.0,False,N/A,True,
GDDY,2023-07-03,2024-07-02,10000.0,11326.329154968262,13.263291549682618,8.0,70.0,30.0,False,N/A,True,
GS,2023-07-03,2024-07-02,10000.0,10873.040100097656,8.730401000976562,29.0,70.0,30.0,False,N/A,True,
HAL,2023-07-03,2024-07-02,10000.0,9543.659690856934,-4.563403091430664,38.0,70.0,30.0,False,N/A,True,
HIG,2023-07-03,2024-07-02,10000.0,11051.9599609375,10.519599609375,10.0,70.0,30.0,False,N/A,True,
HAS,2023-07-03,2024-07-02,10000.0,7084.859924316406,-29.151400756835937,42.0,70.0,30.0,False,N/A,True,
HCA,2023-07-03,2024-07-02,10000.0,9662.600021362305,-3.373999786376953,36.0,70.0,30.0,False,N/A,True,
DOC,2023-07-03,2024-07-02,10000.0,9219.280403137207,-7.807195968627929,40.0,70.0,30.0,False,N/A,True,
HSIC,2023-07-03,2024-07-02,10000.0,7730.999664306641,-22.690003356933595,43.0,70.0,30.0,False,N/A,True,
HSY,2023-07-03,2024-07-02,10000.0,8896.429504394531,-11.035704956054687,48.0,70.0,30.0,False,N/A,True,
HES,2023-07-03,2024-07-02,10000.0,10411.840454101562,4.118404541015625,19.0,70.0,30.0,False,N/A,True,
HPE,2023-07-03,2024-07-02,10000.0,12397.339919090271,23.97339919090271,30.0,70.0,30.0,False,N/A,True,
HLT,2023-07-03,2024-07-02,10000.0,11179.300155639648,11.793001556396485,9.0,70.0,30.0,False,N/A,True,
HOLX,2023-07-03,2024-07-02,10000.0,10176.649024963379,1.766490249633789,37.0,70.0,30.0,False,N/A,True,
HD,2023-07-03,2024-07-02,10000.0,9843.720581054688,-1.562794189453125,36.0,70.0,30.0,False,N/A,True,
HON,2023-07-03,2024-07-02,10000.0,10694.829605102539,6.94829605102539,32.0,70.0,30.0,False,N/A,True,
HRL,2023-07-03,2024-07-02,10000.0,8874.889720916748,-11.251102790832519,48.0,70.0,30.0,False,N/A,True,
HST,2023-07-03,2024-07-02,10000.0,10048.958868026733,0.48958868026733393,14.0,70.0,30.0,False,N/A,True,
HWM,2023-07-03,2024-07-02,10000.0,11794.000175476074,17.940001754760743,18.0,70.0,30.0,False,N/A,True,
HPQ,2023-07-03,2024-07-02,10000.0,9255.769714355469,-7.442302856445313,32.0,70.0,30.0,False,N/A,True,
HUBB,2023-07-03,2024-07-02,10000.0,10669.581634521484,6.695816345214843,19.0,70.0,30.0,False,N/A,True,
HUM,2023-07-03,2024-07-02,10000.0,7689.759979248047,-23.10240020751953,46.0,70.0,30.0,False,N/A,True,
HBAN,2023-07-03,2024-07-02,10000.0,10345.599647521973,3.455996475219727,24.0,70.0,30.0,False,N/A,True,
HII,2023-07-03,2024-07-02,10000.0,9508.069473266602,-4.919305267333984,43.0,70.0,30.0,False,N/A,True,
IBM,2023-07-03,2024-07-02,10000.0,9557.549819946289,-4.42450180053711,24.0,70.0,30.0,False,N/A,True,
IEX,2023-07-03,2024-07-02,10000.0,8666.81948852539,-13.331805114746093,53.0,70.0,30.0,False,N/A,True,
IDXX,2023-07-03,2024-07-02,10000.0,8851.699432373047,-11.483005676269531,55.0,70.0,30.0,False,N/A,True,
ITW,2023-07-03,2024-07-02,10000.0,10430.000106811523,4.300001068115234,41.0,70.0,30.0,False,N/A,True,
INCY,2023-07-03,2024-07-02,10000.0,9932.890495300293,-0.6710950469970703,54.0,70.0,30.0,False,N/A,True,
IR,2023-07-03,2024-07-02,10000.0,11230.449523925781,12.304495239257813,14.0,70.0,30.0,False,N/A,True,
PODD,2023-07-03,2024-07-02,10000.0,6361.839813232422,-36.38160186767578,45.0,70.0,30.0,False,N/A,True,
INTC,2023-07-03,2024-07-02,10000.0,8782.578731536865,-12.174212684631346,43.0,70.0,30.0,False,N/A,True,
ICE,2023-07-03,2024-07-02,10000.0,10589.980773925781,5.899807739257812,24.0,70.0,30.0,False,N/A,True,
IFF,2023-07-03,2024-07-02,10000.0,11040.519714355469,10.405197143554688,15.0,70.0,30.0,False,N/A,True,
IP,2023-07-03,2024-07-02,10000.0,12467.858707427979,24.678587074279783,24.0,70.0,30.0,False,N/A,True,
IPG,2023-07-03,2024-07-02,10000.0,8742.379587173462,-12.576204128265381,47.0,70.0,30.0,False,N/A,True,
INTU,2023-07-03,2024-07-02,10000.0,14955.899597167969,49.558995971679686,27.0,70.0,30.0,False,N/A,True,
ISRG,2023-07-03,2024-07-02,10000.0,10174.329986572266,1.7432998657226564,29.0,70.0,30.0,False,N/A,True,
IVZ,2023-07-03,2024-07-02,10000.0,9117.379613876343,-8.826203861236573,42.0,70.0,30.0,False,N/A,True,
INVH,2023-07-03,2024-07-02,10000.0,11189.310214996338,11.89310214996338,24.0,70.0,30.0,False,N/A,True,
IQV,2023-07-03,2024-07-02,10000.0,9174.780151367188,-8.252198486328124,51.0,70.0,30.0,False,N/A,True,
IRM,2023-07-03,2024-07-02,10000.0,13678.268966674805,36.78268966674805,15.0,70.0,30.0,False,N/A,True,
JBHT,2023-07-03,2024-07-02,10000.0,9813.019882202148,-1.8698011779785157,52.0,70.0,30.0,False,N/A,True,
JBL,2023-07-03,2024-07-02,10000.0,15888.718933105469,58.88718933105469,51.0,70.0,30.0,False,N/A,True,
JKHY,2023-07-03,2024-07-02,10000.0,10009.96076965332,0.09960769653320312,28.0,70.0,30.0,False,N/A,True,
J,2023-07-03,2024-07-02,10000.0,10582.100524902344,5.821005249023437,15.0,70.0,30.0,False,N/A,True,
JNJ,2023-07-03,2024-07-02,10000.0,9638.990829467773,-3.610091705322266,45.0,70.0,30.0,False,N/A,True,
JCI,2023-07-03,2024-07-02,10000.0,10303.220180511475,3.032201805114746,44.0,70.0,30.0,False,N/A,True,
JPM,2023-07-03,2024-07-02,10000.0,10502.259368896484,5.022593688964844,25.0,70.0,30.0,False,N/A,True,
JNPR,2023-07-03,2024-07-02,10000.0,10221.01081085205,2.2101081085205077,49.0,70.0,30.0,False,N/A,True,
K,2023-07-03,2024-07-02,10000.0,8956.500801086426,-10.434991989135742,44.0,70.0,30.0,False,N/A,True,
KVUE,2023-07-03,2024-07-02,10000.0,8683.211036682129,-13.167889633178712,53.0,70.0,30.0,False,N/A,True,
KDP,2023-07-03,2024-07-02,10000.0,9404.170570373535,-5.958294296264648,30.0,70.0,30.0,False,N/A,True,
KEY,2023-07-03,2024-07-02,10000.0,14971.620746612549,49.71620746612549,28.0,70.0,30.0,False,N/A,True,
KEYS,2023-07-03,2024-07-02,10000.0,8738.309616088867,-12.616903839111329,51.0,70.0,30.0,False,N/A,True,
KMB,2023-07-03,2024-07-02,10000.0,9854.048706054688,-1.459512939453125,37.0,70.0,30.0,False,N/A,True,
KIM,2023-07-03,2024-07-02,10000.0,8458.251056671143,-15.417489433288575,39.0,70.0,30.0,False,N/A,True,
KMI,2023-07-03,2024-07-02,10000.0,11239.379711151123,12.39379711151123,17.0,70.0,30.0,False,N/A,True,
KKR,2023-07-03,2024-07-02,10000.0,11508.80014038086,15.088001403808594,5.0,70.0,30.0,False,N/A,True,
KLAC,2023-07-03,2024-07-02,10000.0,12515.169921875,25.15169921875,12.0,70.0,30.0,False,N/A,True,
KHC,2023-07-03,2024-07-02,10000.0,10006.490478515625,0.06490478515625,42.0,70.0,30.0,False,N/A,True,
KR,2023-07-03,2024-07-02,10000.0,9269.100032806396,-7.308999671936036,30.0,70.0,30.0,False,N/A,True,
LHX,2023-07-03,2024-07-02,10000.0,10653.880111694336,6.538801116943358,29.0,70.0,30.0,False,N/A,True,
LH,2023-07-03,2024-07-02,10000.0,11384.521240234375,13.845212402343751,28.0,70.0,30.0,False,N/A,True,
LRCX,2023-07-03,2024-07-02,10000.0,13240.661437988281,32.40661437988281,19.0,70.0,30.0,False,N/A,True,
LW,2023-07-03,2024-07-02,10000.0,11629.788948059082,16.297889480590822,48.0,70.0,30.0,False,N/A,True,
LVS,2023-07-03,2024-07-02,10000.0,9196.379467010498,-8.03620532989502,48.0,70.0,30.0,False,N/A,True,
LDOS,2023-07-03,2024-07-02,10000.0,12586.610214233398,25.866102142333986,18.0,70.0,30.0,False,N/A,True,
LEN,2023-07-03,2024-07-02,10000.0,10761.299606323242,7.612996063232422,17.0,70.0,30.0,False,N/A,True,
LIN,2023-07-03,2024-07-02,10000.0,10190.450317382812,1.9045031738281248,23.0,70.0,30.0,False,N/A,True,
LYV,2023-07-03,2024-07-02,10000.0,13667.659782409668,36.67659782409668,44.0,70.0,30.0,False,N/A,True,
LKQ,2023-07-03,2024-07-02,10000.0,7541.149513244629,-24.588504867553713,53.0,70.0,30.0,False,N/A,True,
LMT,2023-07-03,2024-07-02,10000.0,9786.599731445312,-2.134002685546875,30.0,70.0,30.0,False,N/A,True,
L,2023-07-03,2024-07-02,10000.0,10615.889854431152,6.158898544311524,7.0,70.0,30.0,False,N/A,True,
LOW,2023-07-03,2024-07-02,10000.0,9970.329544067383,-0.29670455932617185,62.0,70.0,30.0,False,N/A,True,
LULU,2023-07-03,2024-07-02,10000.0,7359.309417724609,-26.406905822753906,44.0,70.0,30.0,False,N/A,True,
LYB,2023-07-03,2024-07-02,10000.0,10569.050193786621,5.690501937866211,17.0,70.0,30.0,False,N/A,True,
MTB,2023-07-03,2024-07-02,10000.0,11197.751434326172,11.977514343261719,21.0,70.0,30.0,False,N/A,True,
MRO,2023-07-03,2024-07-02,10000.0,11843.799715042114,18.437997150421143,29.0,70.0,30.0,False,N/A,True,
MPC,2023-07-03,2024-07-02,10000.0,9789.698806762695,-2.1030119323730467,22.0,70.0,30.0,False,N/A,True,
MKTX,2023-07-03,2024-07-02,10000.0,8266.449295043945,-17.335507049560547,53.0,70.0,30.0,False,N/A,True,
MAR,2023-07-03,2024-07-02,10000.0,10425.039794921875,4.25039794921875,5.0,70.0,30.0,False,N/A,True,
MMC,2023-07-03,2024-07-02,10000.0,11182.010467529297,11.820104675292969,10.0,70.0,30.0,False,N/A,True,
MLM,2023-07-03,2024-07-02,10000.0,9849.939208984375,-1.50060791015625,20.0,70.0,30.0,False,N/A,True,
MAS,2023-07-03,2024-07-02,10000.0,9558.130386352539,-4.418696136474609,30.0,70.0,30.0,False,N/A,True,
MA,2023-07-03,2024-07-02,10000.0,10192.46957397461,1.9246957397460938,29.0,70.0,30.0,False,N/A,True,
MTCH,2023-07-03,2024-07-02,10000.0,7847.550632476807,-21.524493675231934,43.0,70.0,30.0,False,N/A,True,
MKC,2023-07-03,2024-07-02,10000.0,8001.179649353027,-19.988203506469727,60.0,70.0,30.0,False,N/A,True,
MCD,2023-07-03,2024-07-02,10000.0,9114.650177001953,-8.853498229980469,41.0,70.0,30.0,False,N/A,True,
MCK,2023-07-03,2024-07-02,10000.0,11181.84048461914,11.818404846191406,6.0,70.0,30.0,False,N/A,True,
MDT,2023-07-03,2024-07-02,10000.0,9621.68978881836,-3.7831021118164063,36.0,70.0,30.0,False,N/A,True,
MRK,2023-07-03,2024-07-02,10000.0,11870.84822845459,18.708482284545898,25.0,70.0,30.0,False,N/A,True,
META,2023-07-03,2024-07-02,10000.0,11285.719970703125,12.85719970703125,13.0,70.0,30.0,False,N/A,True,
MET,2023-07-03,2024-07-02,10000.0,10616.999362945557,6.169993629455566,11.0,70.0,30.0,False,N/A,True,
MTD,2023-07-03,2024-07-02,10000.0,9056.54931640625,-9.434506835937501,34.0,70.0,30.0,False,N/A,True,
MGM,2023-07-03,2024-07-02,10000.0,9361.399856567383,-6.386001434326172,42.0,70.0,30.0,False,N/A,True,
MCHP,2023-07-03,2024-07-02,10000.0,11430.77978515625,14.307797851562501,23.0,70.0,30.0,False,N/A,True,
MU,2023-07-03,2024-07-02,10000.0,16494.429397583008,64.94429397583008,13.0,70.0,30.0,False,N/A,True,
MSFT,2023-07-03,2024-07-02,10000.0,11750.770538330078,17.50770538330078,16.0,70.0,30.0,False,N/A,True,
MAA,2023-07-03,2024-07-02,10000.0,9589.219467163086,-4.107805328369141,42.0,70.0,30.0,False,N/A,True,
MRNA,2023-07-03,2024-07-02,10000.0,6414.249717712402,-35.85750282287597,36.0,70.0,30.0,False,N/A,True,
MHK,2023-07-03,2024-07-02,10000.0,9920.110549926758,-0.7988945007324219,38.0,70.0,30.0,False,N/A,True,
MOH,2023-07-03,2024-07-02,10000.0,8770.311248779297,-12.296887512207032,34.0,70.0,30.0,False,N/A,True,
TAP,2023-07-03,2024-07-02,10000.0,7887.490097045898,-21.125099029541015,59.0,70.0,30.0,False,N/A,True,
MDLZ,2023-07-03,2024-07-02,10000.0,9313.55110168457,-6.864488983154297,33.0,70.0,30.0,False,N/A,True,
MPWR,2023-07-03,2024-07-02,10000.0,15308.039428710938,53.08039428710938,21.0,70.0,30.0,False,N/A,True,
MNST,2023-07-03,2024-07-02,10000.0,9696.410331726074,-3.0358966827392577,50.0,70.0,30.0,False,N/A,True,
MCO,2023-07-03,2024-07-02,10000.0,11895.049560546875,18.95049560546875,34.0,70.0,30.0,False,N/A,True,
MS,2023-07-03,2024-07-02,10000.0,10566.691749572754,5.66691749572754,52.0,70.0,30.0,False,N/A,True,
MOS,2023-07-03,2024-07-02,10000.0,8937.500295639038,-10.624997043609618,49.0,70.0,30.0,False,N/A,True,
MSI,2023-07-03,2024-07-02,10000.0,13003.58920288086,30.035892028808593,15.0,70.0,30.0,False,N/A,True,
MSCI,2023-07-03,2024-07-02,10000.0,9187.588623046875,-8.124113769531249,28.0,70.0,30.0,False,N/A,True,
NDAQ,2023-07-03,2024-07-02,10000.0,11208.610721588135,12.086107215881349,22.0,70.0,30.0,False,N/A,True,
NTAP,2023-07-03,2024-07-02,10000.0,13360.830474853516,33.608304748535154,17.0,70.0,30.0,False,N/A,True,
NFLX,2023-07-03,2024-07-02,10000.0,12863.838989257812,28.638389892578125,20.0,70.0,30.0,False,N/A,True,
NEM,2023-07-03,2024-07-02,10000.0,10413.529476165771,4.135294761657715,37.0,70.0,30.0,False,N/A,True,
NWSA,2023-07-03,2024-07-02,10000.0,12198.69909286499,21.986990928649902,21.0,70.0,30.0,False,N/A,True,
NWS,2023-07-03,2024-07-02,10000.0,13091.09997177124,30.9109997177124,21.0,70.0,30.0,False,N/A,True,
NEE,2023-07-03,2024-07-02,10000.0,8425.400165557861,-15.745998344421386,29.0,70.0,30.0,False,N/A,True,
NKE,2023-07-03,2024-07-02,10000.0,8720.630081176758,-12.793699188232422,46.0,70.0,30.0,False,N/A,True,
NI,2023-07-03,2024-07-02,10000.0,12269.049942016602,22.690499420166017,19.0,70.0,30.0,False,N/A,True,
NDSN,2023-07-03,2024-07-02,10000.0,10263.329116821289,2.6332911682128906,46.0,70.0,30.0,False,N/A,True,
NSC,2023-07-03,2024-07-02,10000.0,9077.429763793945,-9.225702362060547,29.0,70.0,30.0,False,N/A,True,
NTRS,2023-07-03,2024-07-02,10000.0,10126.380020141602,1.2638002014160157,36.0,70.0,30.0,False,N/A,True,
NOC,2023-07-03,2024-07-02,10000.0,13323.040008544922,33.23040008544922,33.0,70.0,30.0,False,N/A,True,
NCLH,2023-07-03,2024-07-02,10000.0,11259.549745559692,12.595497455596924,46.0,70.0,30.0,False,N/A,True,
NRG,2023-07-03,2024-07-02,10000.0,10995.879970550537,9.95879970550537,3.0,70.0,30.0,False,N/A,True,
NUE,2023-07-03,2024-07-02,10000.0,8299.43034362793,-17.005696563720704,36.0,70.0,30.0,False,N/A,True,
NVDA,2023-07-03,2024-07-02,10000.0,15088.043785095215,50.880437850952156,12.0,70.0,30.0,False,N/A,True,
NVR,2023-07-03,2024-07-02,10000.0,9847.09033203125,-1.5290966796875,9.0,70.0,30.0,False,N/A,True,
NXPI,2023-07-03,2024-07-02,10000.0,13631.110260009766,36.311102600097655,19.0,70.0,30.0,False,N/A,True,
ORLY,2023-07-03,2024-07-02,10000.0,10702.900390625,7.029003906250001,27.0,70.0,30.0,False,N/A,True,
OXY,2023-07-03,2024-07-02,10000.0,10608.569889068604,6.085698890686035,33.0,70.0,30.0,False,N/A,True,
ODFL,2023-07-03,2024-07-02,10000.0,13591.120910644531,35.91120910644531,27.0,70.0,30.0,False,N/A,True,
OMC,2023-07-03,2024-07-02,10000.0,9522.450302124023,-4.775496978759765,39.0,70.0,30.0,False,N/A,True,
ON,2023-07-03,2024-07-02,10000.0,8516.259284973145,-14.837407150268556,39.0,70.0,30.0,False,N/A,True,
OKE,2023-07-03,2024-07-02,10000.0,12468.860694885254,24.68860694885254,9.0,70.0,30.0,False,N/A,True,
ORCL,2023-07-03,2024-07-02,10000.0,12226.78987121582,22.267898712158203,28.0,70.0,30.0,False,N/A,True,
OTIS,2023-07-03,2024-07-02,10000.0,10119.980506896973,1.1998050689697266,31.0,70.0,30.0,False,N/A,True,
PCAR,2023-07-03,2024-07-02,10000.0,9627.469451904297,-3.7253054809570316,26.0,70.0,30.0,False,N/A,True,
PKG,2023-07-03,2024-07-02,10000.0,10852.09017944336,8.520901794433595,20.0,70.0,30.0,False,N/A,True,
PANW,2023-07-03,2024-07-02,10000.0,16278.21955871582,62.782195587158206,32.0,70.0,30.0,False,N/A,True,
PARA,2023-07-03,2024-07-02,10000.0,7462.0203313827515,-25.379796686172483,39.0,70.0,30.0,False,N/A,True,
PH,2023-07-03,2024-07-02,10000.0,10568.569580078125,5.68569580078125,14.0,70.0,30.0,False,N/A,True,
PAYX,2023-07-03,2024-07-02,10000.0,10577.480026245117,5.774800262451172,20.0,70.0,30.0,False,N/A,True,
PAYC,2023-07-03,2024-07-02,10000.0,6938.399810791016,-30.616001892089844,64.0,70.0,30.0,False,N/A,True,
PYPL,2023-07-03,2024-07-02,10000.0,8732.80001449585,-12.671999855041506,30.0,70.0,30.0,False,N/A,True,
PNR,2023-07-03,2024-07-02,10000.0,10117.329574584961,1.1732957458496094,16.0,70.0,30.0,False,N/A,True,
PEP,2023-07-03,2024-07-02,10000.0,9958.730194091797,-0.4126980590820313,37.0,70.0,30.0,False,N/A,True,
PFE,2023-07-03,2024-07-02,10000.0,8860.509887695312,-11.394901123046875,50.0,70.0,30.0,False,N/A,True,
PCG,2023-07-03,2024-07-02,10000.0,10751.150060653687,7.511500606536865,30.0,70.0,30.0,False,N/A,True,
PM,2023-07-03,2024-07-02,10000.0,11358.55054473877,13.585505447387694,19.0,70.0,30.0,False,N/A,True,
PSX,2023-07-03,2024-07-02,10000.0,10440.969367980957,4.40969367980957,21.0,70.0,30.0,False,N/A,True,
PNW,2023-07-03,2024-07-02,10000.0,10276.928482055664,2.7692848205566407,25.0,70.0,30.0,False,N/A,True,
PNC,2023-07-03,2024-07-02,10000.0,10283.369247436523,2.8336924743652343,24.0,70.0,30.0,False,N/A,True,
POOL,2023-07-03,2024-07-02,10000.0,7692.509368896484,-23.074906311035157,37.0,70.0,30.0,False,N/A,True,
PPG,2023-07-03,2024-07-02,10000.0,8246.61050415039,-17.533894958496095,32.0,70.0,30.0,False,N/A,True,
PPL,2023-07-03,2024-07-02,10000.0,10134.189851760864,1.3418985176086426,37.0,70.0,30.0,False,N/A,True,
PFG,2023-07-03,2024-07-02,10000.0,9986.750770568848,-0.13249229431152343,27.0,70.0,30.0,False,N/A,True,
PG,2023-07-03,2024-07-02,10000.0,11256.971496582031,12.56971496582031,24.0,70.0,30.0,False,N/A,True,
PGR,2023-07-03,2024-07-02,10000.0,10777.399444580078,7.773994445800782,3.0,70.0,30.0,False,N/A,True,
PLD,2023-07-03,2024-07-02,10000.0,8057.420074462891,-19.425799255371093,44.0,70.0,30.0,False,N/A,True,
PRU,2023-07-03,2024-07-02,10000.0,12363.029342651367,23.63029342651367,18.0,70.0,30.0,False,N/A,True,
PEG,2023-07-03,2024-07-02,10000.0,10482.880386352539,4.8288038635253905,27.0,70.0,30.0,False,N/A,True,
PTC,2023-07-03,2024-07-02,10000.0,11147.359756469727,11.473597564697267,13.0,70.0,30.0,False,N/A,True,
PSA,2023-07-03,2024-07-02,10000.0,9060.89956665039,-9.391004333496094,30.0,70.0,30.0,False,N/A,True,
PHM,2023-07-03,2024-07-02,10000.0,11826.790565490723,18.267905654907228,11.0,70.0,30.0,False,N/A,True,
QRVO,2023-07-03,2024-07-02,10000.0,10380.369735717773,3.803697357177734,34.0,70.0,30.0,False,N/A,True,
PWR,2023-07-03,2024-07-02,10000.0,9438.489135742188,-5.615108642578125,26.0,70.0,30.0,False,N/A,True,
QCOM,2023-07-03,2024-07-02,10000.0,10898.199615478516,8.981996154785156,9.0,70.0,30.0,False,N/A,True,
DGX,2023-07-03,2024-07-02,10000.0,10419.109962463379,4.1910996246337895,36.0,70.0,30.0,False,N/A,True,
RL,2023-07-03,2024-07-02,10000.0,11214.459121704102,12.144591217041016,27.0,70.0,30.0,False,N/A,True,
RJF,2023-07-03,2024-07-02,10000.0,11580.959495544434,15.809594955444336,18.0,70.0,30.0,False,N/A,True,
RTX,2023-07-03,2024-07-02,10000.0,9577.700775146484,-4.222992248535156,42.0,70.0,30.0,False,N/A,True,
O,2023-07-03,2024-07-02,10000.0,9233.120170593262,-7.668798294067384,48.0,70.0,30.0,False,N/A,True,
REG,2023-07-03,2024-07-02,10000.0,11292.779964447021,12.927799644470214,29.0,70.0,30.0,False,N/A,True,
REGN,2023-07-03,2024-07-02,10000.0,11069.499938964844,10.694999389648437,22.0,70.0,30.0,False,N/A,True,
RF,2023-07-03,2024-07-02,10000.0,10047.0599193573,0.470599193572998,43.0,70.0,30.0,False,N/A,True,
RSG,2023-07-03,2024-07-02,10000.0,10922.360000610352,9.223600006103517,12.0,70.0,30.0,False,N/A,True,
RMD,2023-07-03,2024-07-02,10000.0,11771.690719604492,17.71690719604492,40.0,70.0,30.0,False,N/A,True,
RVTY,2023-07-03,2024-07-02,10000.0,8267.530738830566,-17.32469261169434,34.0,70.0,30.0,False,N/A,True,
ROK,2023-07-03,2024-07-02,10000.0,8989.459838867188,-10.105401611328126,42.0,70.0,30.0,False,N/A,True,
ROL,2023-07-03,2024-07-02,10000.0,10088.519081115723,0.8851908111572265,35.0,70.0,30.0,False,N/A,True,
ROP,2023-07-03,2024-07-02,10000.0,11487.711517333984,14.877115173339844,10.0,70.0,30.0,False,N/A,True,
ROST,2023-07-03,2024-07-02,10000.0,9419.080200195312,-5.809197998046875,29.0,70.0,30.0,False,N/A,True,
RCL,2023-07-03,2024-07-02,10000.0,10333.39013671875,3.3339013671875,16.0,70.0,30.0,False,N/A,True,
SPGI,2023-07-03,2024-07-02,10000.0,9960.740020751953,-0.3925997924804687,29.0,70.0,30.0,False,N/A,True,
CRM,2023-07-03,2024-07-02,10000.0,11881.080200195312,18.810802001953125,46.0,70.0,30.0,False,N/A,True,
SBAC,2023-07-03,2024-07-02,10000.0,8415.019882202148,-15.849801177978515,45.0,70.0,30.0,False,N/A,True,
SLB,2023-07-03,2024-07-02,10000.0,8838.109817504883,-11.618901824951172,55.0,70.0,30.0,False,N/A,True,
STX,2023-07-03,2024-07-02,10000.0,10780.75023651123,7.807502365112305,10.0,70.0,30.0,False,N/A,True,
SRE,2023-07-03,2024-07-02,10000.0,10615.899353027344,6.158993530273438,25.0,70.0,30.0,False,N/A,True,
NOW,2023-07-03,2024-07-02,10000.0,13012.7197265625,30.127197265625,15.0,70.0,30.0,False,N/A,True,
SHW,2023-07-03,2024-07-02,10000.0,9215.210098266602,-7.847899017333984,31.0,70.0,30.0,False,N/A,True,
SPG,2023-07-03,2024-07-02,10000.0,12340.100120544434,23.401001205444334,31.0,70.0,30.0,False,N/A,True,
SWKS,2023-07-03,2024-07-02,10000.0,8667.30044555664,-13.326995544433592,35.0,70.0,30.0,False,N/A,True,
SJM,2023-07-03,2024-07-02,10000.0,8097.430938720703,-19.02569061279297,52.0,70.0,30.0,False,N/A,True,
SNA,2023-07-03,2024-07-02,10000.0,10345.060638427734,3.450606384277344,28.0,70.0,30.0,False,N/A,True,
SOLV,2023-07-03,2024-07-02,10000.0,7988.100070953369,-20.11899929046631,17.0,70.0,30.0,False,N/A,True,
SO,2023-07-03,2024-07-02,10000.0,11539.199676513672,15.39199676513672,20.0,70.0,30.0,False,N/A,True,
LUV,2023-07-03,2024-07-02,10000.0,7766.309181213379,-22.33690818786621,62.0,70.0,30.0,False,N/A,True,
SWK,2023-07-03,2024-07-02,10000.0,8612.429695129395,-13.875703048706054,33.0,70.0,30.0,False,N/A,True,
SBUX,2023-07-03,2024-07-02,10000.0,7996.2901611328125,-20.037098388671875,51.0,70.0,30.0,False,N/A,True,
STT,2023-07-03,2024-07-02,10000.0,11540.21932220459,15.402193222045899,24.0,70.0,30.0,False,N/A,True,
STLD,2023-07-03,2024-07-02,10000.0,10754.338584899902,7.543385848999024,29.0,70.0,30.0,False,N/A,True,
STE,2023-07-03,2024-07-02,10000.0,10418.750259399414,4.18750259399414,27.0,70.0,30.0,False,N/A,True,
SYK,2023-07-03,2024-07-02,10000.0,11498.7802734375,14.987802734375,21.0,70.0,30.0,False,N/A,True,
SMCI,2023-07-03,2024-07-02,10000.0,22932.2811126709,129.32281112670898,21.0,70.0,30.0,False,N/A,True,
SYF,2023-07-03,2024-07-02,10000.0,9166.479354858398,-8.335206451416017,15.0,70.0,30.0,False,N/A,True,
SNPS,2023-07-03,2024-07-02,10000.0,13179.810546875,31.79810546875,28.0,70.0,30.0,False,N/A,True,
SYY,2023-07-03,2024-07-02,10000.0,8945.409790039062,-10.545902099609375,42.0,70.0,30.0,False,N/A,True,
TMUS,2023-07-03,2024-07-02,10000.0,10118.950744628906,1.1895074462890625,2.0,70.0,30.0,False,N/A,True,
TROW,2023-07-03,2024-07-02,10000.0,9796.049697875977,-2.0395030212402343,28.0,70.0,30.0,False,N/A,True,
TTWO,2023-07-03,2024-07-02,10000.0,10897.739440917969,8.977394409179688,28.0,70.0,30.0,False,N/A,True,
TPR,2023-07-03,2024-07-02,10000.0,8580.960510253906,-14.190394897460937,55.0,70.0,30.0,False,N/A,True,
TRGP,2023-07-03,2024-07-02,10000.0,10544.5,5.445,2.0,70.0,30.0,False,N/A,True,
TGT,2023-07-03,2024-07-02,10000.0,8841.230407714844,-11.587695922851562,27.0,70.0,30.0,False,N/A,True,
TEL,2023-07-03,2024-07-02,10000.0,10336.729263305664,3.367292633056641,29.0,70.0,30.0,False,N/A,True,
TDY,2023-07-03,2024-07-02,10000.0,10801.18017578125,8.011801757812501,33.0,70.0,30.0,False,N/A,True,
TFX,2023-07-03,2024-07-02,10000.0,8273.270004272461,-17.26729995727539,56.0,70.0,30.0,False,N/A,True,
TER,2023-07-03,2024-07-02,10000.0,11157.320129394531,11.573201293945312,35.0,70.0,30.0,False,N/A,True,
TSLA,2023-07-03,2024-07-02,10000.0,11254.05012512207,12.540501251220704,45.0,70.0,30.0,False,N/A,True,
TXN,2023-07-03,2024-07-02,10000.0,10583.009216308594,5.830092163085938,36.0,70.0,30.0,False,N/A,True,
TXT,2023-07-03,2024-07-02,10000.0,11921.87947845459,19.2187947845459,12.0,70.0,30.0,False,N/A,True,
TMO,2023-07-03,2024-07-02,10000.0,8264.528991699219,-17.354710083007813,37.0,70.0,30.0,False,N/A,True,
TJX,2023-07-03,2024-07-02,10000.0,11379.589546203613,13.795895462036134,12.0,70.0,30.0,False,N/A,True,
TSCO,2023-07-03,2024-07-02,10000.0,10475.05990600586,4.750599060058594,25.0,70.0,30.0,False,N/A,True,
TT,2023-07-03,2024-07-02,10000.0,11639.559936523438,16.395599365234375,3.0,70.0,30.0,False,N/A,True,
TDG,2023-07-03,2024-07-02,10000.0,10576.180053710938,5.761800537109376,10.0,70.0,30.0,False,N/A,True,
TRV,2023-07-03,2024-07-02,10000.0,10925.189575195312,9.251895751953125,22.0,70.0,30.0,False,N/A,True,
TRMB,2023-07-03,2024-07-02,10000.0,10187.738822937012,1.8773882293701174,31.0,70.0,30.0,False,N/A,True,
TFC,2023-07-03,2024-07-02,10000.0,13941.86088180542,39.4186088180542,24.0,70.0,30.0,False,N/A,True,
TYL,2023-07-03,2024-07-02,10000.0,14110.010314941406,41.10010314941406,13.0,70.0,30.0,False,N/A,True,
TSN,2023-07-03,2024-07-02,10000.0,10543.900318145752,5.43900318145752,22.0,70.0,30.0,False,N/A,True,
USB,2023-07-03,2024-07-02,10000.0,11365.020500183105,13.650205001831054,31.0,70.0,30.0,False,N/A,True,
UBER,2023-07-03,2024-07-02,10000.0,11606.488952636719,16.06488952636719,13.0,70.0,30.0,False,N/A,True,
UDR,2023-07-03,2024-07-02,10000.0,8716.520030975342,-12.834799690246582,46.0,70.0,30.0,False,N/A,True,
ULTA,2023-07-03,2024-07-02,10000.0,6561.969268798828,-34.38030731201172,45.0,70.0,30.0,False,N/A,True,
UNP,2023-07-03,2024-07-02,10000.0,8818.589828491211,-11.81410171508789,48.0,70.0,30.0,False,N/A,True,
UAL,2023-07-03,2024-07-02,10000.0,8682.150218963623,-13.17849781036377,41.0,70.0,30.0,False,N/A,True,
UPS,2023-07-03,2024-07-02,10000.0,10743.70962524414,7.437096252441407,48.0,70.0,30.0,False,N/A,True,
URI,2023-07-03,2024-07-02,10000.0,10559.750274658203,5.597502746582031,10.0,70.0,30.0,False,N/A,True,
UNH,2023-07-03,2024-07-02,10000.0,11363.360473632812,13.633604736328126,40.0,70.0,30.0,False,N/A,True,
UHS,2023-07-03,2024-07-02,10000.0,9510.639617919922,-4.893603820800782,30.0,70.0,30.0,False,N/A,True,
VLO,2023-07-03,2024-07-02,10000.0,11526.138671875,15.26138671875,23.0,70.0,30.0,False,N/A,True,
VTR,2023-07-03,2024-07-02,10000.0,11137.079879760742,11.370798797607423,21.0,70.0,30.0,False,N/A,True,
VLTO,2023-07-03,2024-07-02,10000.0,12797.40982055664,27.974098205566406,9.0,70.0,30.0,False,N/A,True,
VRSN,2023-07-03,2024-07-02,10000.0,8674.83952331543,-13.251604766845704,45.0,70.0,30.0,False,N/A,True,
VRSK,2023-07-03,2024-07-02,10000.0,10002.809997558594,0.028099975585937503,21.0,70.0,30.0,False,N/A,True,
VZ,2023-07-03,2024-07-02,10000.0,10918.829929351807,9.188299293518067,19.0,70.0,30.0,False,N/A,True,
VRTX,2023-07-03,2024-07-02,10000.0,11880.759521484375,18.80759521484375,11.0,70.0,30.0,False,N/A,True,
VTRS,2023-07-03,2024-07-02,10000.0,8952.680618286133,-10.473193817138672,49.0,70.0,30.0,False,N/A,True,
VICI,2023-07-03,2024-07-02,10000.0,10181.919839859009,1.819198398590088,38.0,70.0,30.0,False,N/A,True,
V,2023-07-03,2024-07-02,10000.0,9814.978942871094,-1.8502105712890626,17.0,70.0,30.0,False,N/A,True,
VST,2023-07-03,2024-07-02,10000.0,9972.639373779297,-0.2736062622070312,2.0,70.0,30.0,False,N/A,True,
VMC,2023-07-03,2024-07-02,10000.0,9969.10009765625,-0.30899902343749996,28.0,70.0,30.0,False,N/A,True,
WRB,2023-07-03,2024-07-02,10000.0,9735.49917602539,-2.645008239746094,13.0,70.0,30.0,False,N/A,True,
GWW,2023-07-03,2024-07-02,10000.0,10107.930541992188,1.079305419921875,34.0,70.0,30.0,False,N/A,True,
WAB,2023-07-03,2024-07-02,10000.0,9384.310562133789,-6.15689437866211,15.0,70.0,30.0,False,N/A,True,
WBA,2023-07-03,2024-07-02,10000.0,5038.709510803223,-49.61290489196777,57.0,70.0,30.0,False,N/A,True,
WMT,2023-07-03,2024-07-02,10000.0,10759.259994506836,7.5925999450683594,13.0,70.0,30.0,False,N/A,True,
DIS,2023-07-03,2024-07-02,10000.0,10549.079963684082,5.49079963684082,26.0,70.0,30.0,False,N/A,True,
WBD,2023-07-03,2024-07-02,10000.0,5737.809425354004,-42.62190574645996,33.0,70.0,30.0,False,N/A,True,
WM,2023-07-03,2024-07-02,10000.0,10674.28076171875,6.7428076171875,19.0,70.0,30.0,False,N/A,True,
WAT,2023-07-03,2024-07-02,10000.0,11421.570678710938,14.215706787109376,37.0,70.0,30.0,False,N/A,True,
WEC,2023-07-03,2024-07-02,10000.0,10097.95059967041,0.9795059967041015,37.0,70.0,30.0,False,N/A,True,
WFC,2023-07-03,2024-07-02,10000.0,11848.870670318604,18.488706703186036,34.0,70.0,30.0,False,N/A,True,
WELL,2023-07-03,2024-07-02,10000.0,11935.528884887695,19.355288848876953,8.0,70.0,30.0,False,N/A,True,
WST,2023-07-03,2024-07-02,10000.0,10006.819732666016,0.06819732666015625,52.0,70.0,30.0,False,N/A,True,
WDC,2023-07-03,2024-07-02,10000.0,16052.938941955566,60.52938941955567,12.0,70.0,30.0,False,N/A,True,
WRK,2023-07-03,2024-07-02,10000.0,13387.689315795898,33.87689315795899,13.0,70.0,30.0,False,N/A,True,
WY,2023-07-03,2024-07-02,10000.0,8098.789775848389,-19.012102241516114,44.0,70.0,30.0,False,N/A,True,
WMB,2023-07-03,2024-07-02,10000.0,11772.740173339844,17.727401733398438,8.0,70.0,30.0,False,N/A,True,
WTW,2023-07-03,2024-07-02,10000.0,10680.43962097168,6.8043962097167965,29.0,70.0,30.0,False,N/A,True,
WYNN,2023-07-03,2024-07-02,10000.0,8501.529960632324,-14.984700393676759,36.0,70.0,30.0,False,N/A,True,
XEL,2023-07-03,2024-07-02,10000.0,8252.92043685913,-17.47079563140869,34.0,70.0,30.0,False,N/A,True,
XYL,2023-07-03,2024-07-02,10000.0,10657.159767150879,6.571597671508789,28.0,70.0,30.0,False,N/A,True,
YUM,2023-07-03,2024-07-02,10000.0,9887.099029541016,-1.1290097045898437,28.0,70.0,30.0,False,N/A,True,
ZBRA,2023-07-03,2024-07-02,10000.0,14731.34912109375,47.3134912109375,41.0,70.0,30.0,False,N/A,True,
ZBH,2023-07-03,2024-07-02,10000.0,7533.649429321289,-24.66350570678711,70.0,70.0,30.0,False,N/A,True,
ZTS,2023-07-03,2024-07-02,10000.0,9357.850006103516,-6.4214999389648435,41.0,70.0,30.0,False,N/A,True,
ADP,2023-07-03,2024-07-02,10000.0,10878.620498657227,8.786204986572265,32.0,70.0,30.0,False,N/A,True,
AMD,2023-07-03,2024-07-02,10000.0,12445.471221923828,24.45471221923828,24.0,70.0,30.0,False,N/A,True,
ARM,2023-07-03,2024-07-02,10000.0,13726.580249786377,37.26580249786377,8.0,70.0,30.0,False,N/A,True,
ASML,2023-07-03,2024-07-02,10000.0,11505.499755859375,15.05499755859375,24.0,70.0,30.0,False,N/A,True,
AZN,2023-07-03,2024-07-02,10000.0,10609.350769042969,6.093507690429687,9.0,70.0,30.0,False,N/A,True,
TEAM,2023-07-03,2024-07-02,10000.0,10990.579605102539,9.90579605102539,27.0,70.0,30.0,False,N/A,True,
CDW,2023-07-03,2024-07-02,10000.0,11064.420425415039,10.644204254150392,24.0,70.0,30.0,False,N/A,True,
CCEP,2023-07-03,2024-07-02,10000.0,10837.29965209961,8.372996520996095,17.0,70.0,30.0,False,N/A,True,
CSX,2023-07-03,2024-07-02,10000.0,8834.7598361969,-11.652401638031005,33.0,70.0,30.0,False,N/A,True,
DDOG,2023-07-03,2024-07-02,10000.0,15890.840347290039,58.908403472900396,26.0,70.0,30.0,False,N/A,True,
DXCM,2023-07-03,2024-07-02,10000.0,8098.500030517578,-19.01499969482422,39.0,70.0,30.0,False,N/A,True,
DASH,2023-07-03,2024-07-02,10000.0,14031.229972839355,40.312299728393555,23.0,70.0,30.0,False,N/A,True,
GFS,2023-07-03,2024-07-02,10000.0,11923.140197753906,19.23140197753906,30.0,70.0,30.0,False,N/A,True,
ILMN,2023-07-03,2024-07-02,10000.0,5925.782119750977,-40.74217880249024,53.0,70.0,30.0,False,N/A,True,
LULU,2023-07-03,2024-07-02,10000.0,7359.309417724609,-26.406905822753906,44.0,70.0,30.0,False,N/A,True,
MRVL,2023-07-03,2024-07-02,10000.0,13505.160095214844,35.05160095214844,29.0,70.0,30.0,False,N/A,True,
MELI,2023-07-03,2024-07-02,10000.0,13366.090209960938,33.66090209960937,42.0,70.0,30.0,False,N/A,True,
MDLZ,2023-07-03,2024-07-02,10000.0,9313.55110168457,-6.864488983154297,33.0,70.0,30.0,False,N/A,True,
MDB,2023-07-03,2024-07-02,10000.0,6603.450408935547,-33.965495910644535,56.0,70.0,30.0,False,N/A,True,
ORLY,2023-07-03,2024-07-02,10000.0,10702.900390625,7.029003906250001,27.0,70.0,30.0,False,N/A,True,
ODFL,2023-07-03,2024-07-02,10000.0,13591.120910644531,35.91120910644531,27.0,70.0,30.0,False,N/A,True,
ON,2023-07-03,2024-07-02,10000.0,8516.259284973145,-14.837407150268556,39.0,70.0,30.0,False,N/A,True,
PDD,2023-07-03,2024-07-02,10000.0,14184.55972290039,41.84559722900391,19.0,70.0,30.0,False,N/A,True,
TTD,2023-07-03,2024-07-02,10000.0,18872.45029449463,88.7245029449463,36.0,70.0,30.0,False,N/A,True,
WDAY,2023-07-03,2024-07-02,10000.0,10048.819686889648,0.4881968688964844,54.0,70.0,30.0,False,N/A,True,
ZS,2023-07-03,2024-07-02,10000.0,12390.409744262695,23.904097442626952,36.0,70.0,30.0,False,N/A,True,
